seed,profile,motion,delay_ms,duration_ms,variant,before_mean_abs_error_px,after_mean_abs_error_px,before_rms_error_px,after_rms_error_px,before_peak_error_px,after_peak_error_px,before_output_zero_edges,after_output_zero_edges,before_output_reversals,after_output_reversals,before_output_total_variation,after_output_total_variation
1062026.0,0.0,0.0,0.0,2000.0,0.0,0.230127,1.45513,0.230127,1.45513,0.230127,1.45513,0.0,0.0,0.0,0.0,0.0,0.0
1062026.0,0.0,0.0,0.0,12000.0,0.0,0.230127,1.45513,0.230127,1.45513,0.230127,1.45513,0.0,0.0,0.0,0.0,0.0,0.0
1062026.0,0.0,0.0,8.0,2000.0,0.0,2.17129,0.0862198,2.42494,0.0862198,3.57468,0.0862198,96.0,0.0,47.0,0.0,19.2,0.0
1062026.0,0.0,0.0,8.0,12000.0,0.0,2.17029,0.0862198,2.42366,0.0862198,3.57468,0.0862198,737.0,0.0,368.0,0.0,147.4,0.0
1062026.0,0.0,0.0,20.0,2000.0,0.0,4.08944,1.43715,4.65068,1.43715,7.04883,1.43715,56.0,0.0,28.0,0.0,11.2,0.0
1062026.0,0.0,0.0,20.0,12000.0,0.0,4.1204,1.43715,4.68155,1.43715,7.04918,1.43715,424.0,0.0,212.0,0.0,84.8,0.0
1062026.0,0.0,1.0,0.0,2000.0,0.0,0.694095,0.215443,0.852253,0.300464,1.84469,0.754156,136.0,38.0,36.0,9.0,7.1594,1.33768
1062026.0,0.0,1.0,0.0,12000.0,0.0,0.701535,0.176846,0.849169,0.220385,2.33559,0.754156,1031.0,236.0,281.0,77.0,57.3224,8.071
1062026.0,0.0,1.0,8.0,2000.0,0.0,1.28935,0.080616,1.68621,0.126396,4.34136,0.37665,128.0,22.0,38.0,7.0,13.4524,0.716007
1062026.0,0.0,1.0,8.0,12000.0,0.0,1.37636,0.13966,1.73427,0.181992,4.70096,0.562696,1011.0,256.0,300.0,81.0,120.414,8.76297
1062026.0,0.0,1.0,20.0,2000.0,0.0,4.4296,0.169403,5.03894,0.195757,9.73857,0.445042,62.0,32.0,27.0,11.0,14.0837,1.06062
1062026.0,0.0,1.0,20.0,12000.0,0.0,4.36044,0.163219,4.96694,0.20597,9.73857,0.567999,499.0,224.0,210.0,74.0,110.923,7.60304
1062026.0,0.0,2.0,0.0,2000.0,0.0,0.848995,0.213312,1.04548,0.274637,2.89207,0.768692,95.0,22.0,4.0,0.0,14.5217,7.24796
1062026.0,0.0,2.0,0.0,12000.0,0.0,0.858057,0.231821,1.0468,0.296538,3.00488,0.942017,812.0,250.0,38.0,0.0,109.351,56.9159
1062026.0,0.0,2.0,8.0,2000.0,0.0,1.56433,0.221535,1.96178,0.283561,5.45186,0.833885,118.0,28.0,30.0,0.0,19.6408,6.47675
1062026.0,0.0,2.0,8.0,12000.0,0.0,1.73,0.260312,2.11441,0.324535,5.99544,1.02313,895.0,272.0,234.0,0.0,156.395,57.2646
1062026.0,0.0,2.0,20.0,2000.0,0.0,4.69498,0.266556,5.38176,0.361583,10.4825,1.24796,58.0,38.0,26.0,0.0,16.3554,7.81031
1062026.0,0.0,2.0,20.0,12000.0,0.0,4.69187,0.25983,5.38786,0.334353,10.7586,1.24796,458.0,252.0,205.0,0.0,123.421,57.7445
1062026.0,0.0,3.0,0.0,2000.0,0.0,0.852593,0.397027,1.02852,0.588001,2.74067,2.43031,92.0,34.0,4.0,2.0,12.2462,7.40886
1062026.0,0.0,3.0,0.0,12000.0,0.0,0.879845,0.392537,1.06888,0.580594,3.73045,2.92641,798.0,272.0,47.0,15.0,106.158,58.2551
1062026.0,0.0,3.0,8.0,2000.0,0.0,1.65153,0.416514,2.08054,0.743506,5.94364,3.79761,110.0,40.0,29.0,2.0,20.318,7.61694
1062026.0,0.0,3.0,8.0,12000.0,0.0,1.66461,0.419219,2.05677,0.773935,7.5869,4.40889,893.0,278.0,228.0,15.0,157.444,60.0498
1062026.0,0.0,3.0,20.0,2000.0,0.0,4.94312,0.72155,5.72833,1.41892,13.7123,6.19085,60.0,32.0,26.0,4.0,16.1533,7.19135
1062026.0,0.0,3.0,20.0,12000.0,0.0,4.897,0.737826,5.6564,1.39356,13.733,6.39015,456.0,318.0,200.0,31.0,124.325,62.0388
1062026.0,1.0,0.0,0.0,2000.0,0.0,7.47482,3.51152,7.47482,3.51152,7.47482,3.51152,0.0,0.0,0.0,0.0,0.0,0.0
1062026.0,1.0,0.0,0.0,12000.0,0.0,7.47482,3.51152,7.47482,3.51152,7.47482,3.51152,0.0,0.0,0.0,0.0,0.0,0.0
1062026.0,1.0,0.0,8.0,2000.0,0.0,2.99483,2.24379,2.99483,2.24379,2.99483,2.24379,0.0,0.0,0.0,0.0,0.0,0.0
1062026.0,1.0,0.0,8.0,12000.0,0.0,2.99483,2.24379,2.99483,2.24379,2.99483,2.24379,0.0,0.0,0.0,0.0,0.0,0.0
1062026.0,1.0,0.0,20.0,2000.0,0.0,1.10345,3.06123,1.10345,3.06123,1.10345,3.06123,0.0,0.0,0.0,0.0,0.0,0.0
1062026.0,1.0,0.0,20.0,12000.0,0.0,1.10345,3.06123,1.10345,3.06123,1.10345,3.06123,0.0,0.0,0.0,0.0,0.0,0.0
1062026.0,1.0,1.0,0.0,2000.0,0.0,4.68268,0.345173,4.90785,0.428705,8.27941,1.04228,128.0,18.0,27.0,4.0,5.49922,0.581869
1062026.0,1.0,1.0,0.0,12000.0,0.0,4.61186,0.226164,5.25304,0.297275,11.8731,1.04228,954.0,124.0,210.0,30.0,39.8441,4.00818
1062026.0,1.0,1.0,8.0,2000.0,0.0,4.04228,0.529734,5.0468,0.573102,9.05227,1.26289,123.0,14.0,25.0,4.0,5.06948,0.444801
1062026.0,1.0,1.0,8.0,12000.0,0.0,4.73155,0.244186,5.65887,0.311897,12.5302,1.26289,974.0,128.0,220.0,38.0,41.9683,4.15015
1062026.0,1.0,1.0,20.0,2000.0,0.0,5.53583,0.68253,5.6412,0.779602,7.73225,1.18137,137.0,18.0,36.0,3.0,5.40776,0.589499
1062026.0,1.0,1.0,20.0,12000.0,0.0,4.89116,0.309779,5.59657,0.411021,12.2164,1.18137,1022.0,106.0,252.0,25.0,43.3818,3.43464
1062026.0,1.0,2.0,0.0,2000.0,0.0,9.82929,0.707034,9.91515,0.752091,12.4158,1.53477,115.0,22.0,0.0,0.0,13.4947,6.58048
1062026.0,1.0,2.0,0.0,12000.0,0.0,9.57187,0.657364,9.68604,0.721631,12.8787,1.75714,747.0,174.0,0.0,0.0,92.3223,51.6993
1062026.0,1.0,2.0,8.0,2000.0,0.0,8.12667,0.623057,8.41128,0.685461,13.3296,1.53181,86.0,22.0,0.0,0.0,10.039,6.4024
1062026.0,1.0,2.0,8.0,12000.0,0.0,8.00673,0.684516,8.34091,0.736186,13.3633,1.58124,760.0,174.0,0.0,0.0,83.994,51.3398
1062026.0,1.0,2.0,20.0,2000.0,0.0,6.55398,0.655109,7.54513,0.697546,13.8599,1.3475,103.0,18.0,0.0,0.0,11.8929,6.82624
1062026.0,1.0,2.0,20.0,12000.0,0.0,6.14615,0.715164,7.05977,0.768109,14.0552,1.67792,725.0,202.0,2.0,0.0,78.1808,52.2778
1062026.0,1.0,3.0,0.0,2000.0,0.0,4.59709,0.957361,5.5968,1.0826,11.5349,2.49723,106.0,22.0,2.0,2.0,9.66692,6.73175
1062026.0,1.0,3.0,0.0,12000.0,0.0,5.01509,1.01572,5.97617,1.10778,12.4953,2.73649,744.0,204.0,21.0,15.0,68.9762,54.7396
1062026.0,1.0,3.0,8.0,2000.0,0.0,4.43945,1.10689,4.92704,1.30584,8.48544,3.71019,90.0,26.0,2.0,2.0,8.91829,6.7874
1062026.0,1.0,3.0,8.0,12000.0,0.0,4.78767,1.14205,5.53612,1.33189,12.5329,4.11675,714.0,208.0,17.0,15.0,64.9119,53.9396
1062026.0,1.0,3.0,20.0,2000.0,0.0,4.5658,1.22429,5.63941,1.72078,12.0223,6.2048,96.0,18.0,2.0,2.0,9.3122,6.94067
1062026.0,1.0,3.0,20.0,12000.0,0.0,4.43938,1.14423,5.38723,1.6567,13.3937,6.2048,723.0,162.0,19.0,15.0,67.4383,51.7427
917331.0,0.0,0.0,0.0,2000.0,0.0,0.435337,1.16673,0.435337,1.16673,0.435337,1.16673,0.0,0.0,0.0,0.0,0.0,0.0
917331.0,0.0,0.0,0.0,12000.0,0.0,0.435337,1.16673,0.435337,1.16673,0.435337,1.16673,0.0,0.0,0.0,0.0,0.0,0.0
917331.0,0.0,0.0,8.0,2000.0,0.0,1.56926,0.101168,1.56926,0.101168,1.56926,0.101168,0.0,0.0,0.0,0.0,0.0,0.0
917331.0,0.0,0.0,8.0,12000.0,0.0,1.56926,0.101168,1.56926,0.101168,1.56926,0.101168,0.0,0.0,0.0,0.0,0.0,0.0
917331.0,0.0,0.0,20.0,2000.0,0.0,2.70972,0.249086,3.03162,0.249086,4.30414,0.249086,54.0,0.0,27.0,0.0,10.8,0.0
917331.0,0.0,0.0,20.0,12000.0,0.0,2.72129,0.249086,3.04156,0.249086,4.30414,0.249086,409.0,0.0,204.0,0.0,81.8,0.0
917331.0,0.0,1.0,0.0,2000.0,0.0,0.708981,0.299577,0.920592,0.380913,2.79396,1.04162,206.0,213.0,73.0,62.0,19.207,11.1131
917331.0,0.0,1.0,0.0,12000.0,0.0,0.803964,0.306538,1.01378,0.380139,3.65131,1.15223,1481.0,1569.0,474.0,431.0,146.085,83.043
917331.0,0.0,1.0,8.0,2000.0,0.0,1.08388,0.315794,1.35616,0.39383,4.13006,1.12755,165.0,202.0,51.0,49.0,21.9305,10.7666
917331.0,0.0,1.0,8.0,12000.0,0.0,1.04835,0.341116,1.32375,0.424163,6.19812,1.65288,1381.0,1527.0,411.0,398.0,166.539,84.4914
917331.0,0.0,1.0,20.0,2000.0,0.0,3.12148,0.364959,3.57602,0.449749,8.03517,1.23126,85.0,226.0,30.0,53.0,18.7975,11.4904
917331.0,0.0,1.0,20.0,12000.0,0.0,3.05338,0.360728,3.49467,0.447549,8.3883,1.41537,698.0,1522.0,242.0,381.0,150.079,81.428
917331.0,0.0,2.0,0.0,2000.0,0.0,1.0831,0.55112,1.29119,0.678221,3.27917,1.75153,130.0,78.0,30.0,2.0,26.0024,15.7785
917331.0,0.0,2.0,0.0,12000.0,0.0,1.03446,0.612634,1.24238,0.734783,3.51282,1.99341,982.0,558.0,182.0,4.0,186.938,123.711
917331.0,0.0,2.0,8.0,2000.0,0.0,1.35469,0.681417,1.60624,0.810047,4.77846,1.94094,131.0,80.0,38.0,6.0,26.8167,17.2657
917331.0,0.0,2.0,8.0,12000.0,0.0,1.25076,0.632364,1.54177,0.766686,5.15698,2.14014,938.0,616.0,242.0,22.0,193.947,127.084
917331.0,0.0,2.0,20.0,2000.0,0.0,2.92611,0.6398,3.64911,0.824514,9.82236,2.15208,92.0,78.0,30.0,0.0,21.1401,16.318
917331.0,0.0,2.0,20.0,12000.0,0.0,2.89041,0.734506,3.52212,0.886345,9.82236,2.51361,747.0,657.0,238.0,22.0,167.682,129.455
917331.0,0.0,3.0,0.0,2000.0,0.0,1.13947,0.74785,1.39718,0.873472,4.05106,2.04043,126.0,70.0,32.0,2.0,22.8658,16.8686
917331.0,0.0,3.0,0.0,12000.0,0.0,1.0511,0.72726,1.2762,0.874917,4.05106,3.0045,972.0,626.0,207.0,35.0,187.266,129.315
917331.0,0.0,3.0,8.0,2000.0,0.0,1.31892,0.788867,1.57479,1.04987,3.98599,4.2701,134.0,84.0,30.0,4.0,27.3918,17.4041
917331.0,0.0,3.0,8.0,12000.0,0.0,1.32013,0.777279,1.63607,1.02497,5.88267,4.37466,930.0,600.0,239.0,31.0,191.564,128.538
917331.0,0.0,3.0,20.0,2000.0,0.0,3.04794,1.05897,3.75374,1.53267,11.0414,6.01426,94.0,86.0,32.0,10.0,22.3046,17.4861
917331.0,0.0,3.0,20.0,12000.0,0.0,2.96437,1.06133,3.59022,1.5339,11.0414,6.43564,744.0,672.0,247.0,71.0,168.982,129.646
917331.0,1.0,0.0,0.0,2000.0,0.0,9.29786,2.99328,9.29786,2.99328,9.29786,2.99328,0.0,0.0,0.0,0.0,0.0,0.0
917331.0,1.0,0.0,0.0,12000.0,0.0,9.29786,2.99328,9.29786,2.99328,9.29786,2.99328,0.0,0.0,0.0,0.0,0.0,0.0
917331.0,1.0,0.0,8.0,2000.0,0.0,6.16033,2.38982,6.16033,2.38982,6.16033,2.38982,0.0,0.0,0.0,0.0,0.0,0.0
917331.0,1.0,0.0,8.0,12000.0,0.0,6.16033,2.38982,6.16033,2.38982,6.16033,2.38982,0.0,0.0,0.0,0.0,0.0,0.0
917331.0,1.0,0.0,20.0,2000.0,0.0,2.76388,1.2584,2.76388,1.2584,2.76388,1.2584,0.0,0.0,0.0,0.0,0.0,0.0
917331.0,1.0,0.0,20.0,12000.0,0.0,2.76388,1.2584,2.76388,1.2584,2.76388,1.2584,0.0,0.0,0.0,0.0,0.0,0.0
917331.0,1.0,1.0,0.0,2000.0,0.0,7.86947,0.319524,8.04787,0.387087,11.411,1.00845,160.0,171.0,51.0,48.0,9.8582,7.36619
917331.0,1.0,1.0,0.0,12000.0,0.0,7.27812,0.37282,7.69615,0.469023,12.5159,1.31773,1319.0,1344.0,370.0,343.0,88.7617,58.8654
917331.0,1.0,1.0,8.0,2000.0,0.0,2.87843,0.378156,3.41302,0.481006,6.59331,1.15352,168.0,168.0,51.0,50.0,10.5985,7.59744
917331.0,1.0,1.0,8.0,12000.0,0.0,4.14277,0.356408,5.04371,0.441321,12.3103,1.32858,1326.0,1464.0,350.0,381.0,82.8386,63.3429
917331.0,1.0,1.0,20.0,2000.0,0.0,3.12745,0.367636,3.54638,0.448838,6.68403,1.16257,161.0,182.0,41.0,40.0,9.80882,8.26373
917331.0,1.0,1.0,20.0,12000.0,0.0,4.20118,0.394056,5.14997,0.488847,13.1151,1.58142,1343.0,1410.0,331.0,351.0,83.0094,62.4162
917331.0,1.0,2.0,0.0,2000.0,0.0,10.223,1.99962,10.2916,2.04759,13.255,3.11967,118.0,80.0,22.0,0.0,22.0773,15.3322
917331.0,1.0,2.0,0.0,12000.0,0.0,9.73719,1.88809,9.88605,1.95005,13.3071,3.48233,878.0,494.0,142.0,0.0,156.139,110.485
917331.0,1.0,2.0,8.0,2000.0,0.0,9.2591,1.80707,9.51998,1.87928,12.9855,3.25697,108.0,61.0,18.0,0.0,17.72,14.1496
917331.0,1.0,2.0,8.0,12000.0,0.0,8.71687,1.8392,9.03605,1.90878,14.5699,3.62543,836.0,441.0,146.0,0.0,135.129,108.794
917331.0,1.0,2.0,20.0,2000.0,0.0,7.46172,1.74551,8.10906,1.81036,13.7337,2.88084,108.0,44.0,20.0,0.0,15.7841,13.2186
917331.0,1.0,2.0,20.0,12000.0,0.0,7.73404,1.79727,8.41227,1.88044,15.4528,3.46609,914.0,422.0,144.0,0.0,128.222,106.405
917331.0,1.0,3.0,0.0,2000.0,0.0,5.76591,1.8,6.64582,1.87812,13.5399,2.94884,108.0,66.0,18.0,2.0,12.728,13.7736
917331.0,1.0,3.0,0.0,12000.0,0.0,6.44855,1.82098,7.29717,1.89554,13.5399,3.56654,939.0,498.0,151.0,15.0,113.551,107.5
917331.0,1.0,3.0,8.0,2000.0,0.0,6.2212,1.97802,7.08321,2.04246,13.963,3.77847,119.0,77.0,10.0,2.0,13.3906,15.3966
917331.0,1.0,3.0,8.0,12000.0,0.0,6.29405,1.90867,7.24462,2.006,13.963,3.90873,888.0,508.0,139.0,15.0,111.876,110.56
917331.0,1.0,3.0,20.0,2000.0,0.0,5.407,2.18592,6.23889,2.3769,13.942,5.54289,112.0,49.0,20.0,2.0,12.943,13.8945
917331.0,1.0,3.0,20.0,12000.0,0.0,6.19962,2.12085,7.07926,2.31523,14.6814,5.94428,898.0,447.0,155.0,15.0,108.389,111.486
