seed,scenario,ticks,cap_x,cap_y,time_x_ms,time_y_ms,max_follow_ellipse,max_ads_ellipse
61006,0,128,0.10624,0.108382,362.658,972.383,1,1
61006,1,2400,0.423199,0.273891,97.1217,763.558,1,1
61006,2,128,0.25553,0.650353,55.3098,875.74,1,1
61006,3,2400,0.968869,0.647799,583.53,705.821,0.948738,1
61006,4,128,0.909842,0.64145,624.4,554.841,1,1
61006,5,2400,0.871877,0.603532,321.807,635.114,0.947361,1
61006,6,128,0.230062,0.740676,919.529,975.172,0.999984,1
61006,7,2400,0.624641,0.347741,498.506,317.713,1,1
61006,8,128,0.242131,0.927596,417.142,48.2176,0.969401,1
61006,9,2400,0.23659,0.649532,435.825,654.944,1,1
61006,10,128,0.746828,0.778903,783.922,401.392,0.652461,0.856909
61006,11,2400,0.744622,0.709964,690.958,637.263,1,1
61006,12,128,0.747421,0.774334,228.604,137.555,0.905425,1
61006,13,2400,0.214046,0.53692,188.657,467.092,1,1
61006,14,128,0.365088,0.999961,445.115,522.156,0.968953,0.992409
61006,15,2400,0.449672,0.228269,529.839,206.383,1,1
61006,16,128,0.536447,0.72958,662.377,930.262,0.614377,1
61006,17,2400,0.644431,0.682462,878.288,550.581,1,1
61006,18,128,0.695907,0.517905,818.643,547.129,0.993323,1
61006,19,2400,0.8758,0.416717,913.968,29.8045,1,1
61006,20,128,0.73941,0.395974,811.706,881.139,0.663103,1
61006,21,2400,0.354917,0.957574,891.713,656.496,0.999683,1
61006,22,128,0.614044,0.69022,198.502,565.575,0.816886,1
61006,23,2400,0.202648,0.750255,755.767,692.558,1,1
61006,24,128,0.199973,0.886547,803.266,280.038,0.95372,0.99918
61006,25,2400,0.546666,0.755907,594.508,747.052,1,1
61006,26,128,0.469561,0.820545,501.026,341.7,0.875378,1
61006,27,2400,0.515941,0.479409,814.744,453.598,1,1
61006,28,128,0.438032,0.762621,587.82,30.7271,0.771404,1
61006,29,2400,0.798895,0.968535,84.7411,543.734,0.999999,0.999944
61006,30,128,0.921185,0.477056,825.189,40.7589,0.99954,1
61006,31,2400,0.0888512,0.768622,311.504,548.183,1,1
61006,32,128,0.507751,0.385547,806.358,962.018,1,1
61006,33,2400,0.359784,0.793074,827.301,508.032,1,1
61006,34,128,0.78155,0.988216,63.1227,351.768,0.765773,0.844019
61006,35,2400,0.521193,0.0724276,804.015,230.547,1,1
61006,36,128,0.753753,0.0825445,658.152,868.79,1,1
61006,37,2400,0.190983,0.845699,836.956,489.85,1,1
61006,38,128,0.237259,0.412293,577.447,198.798,1,1
61006,39,2400,0.684177,0.666541,590.682,400.314,1,1
61006,40,128,0.775056,0.347419,869.017,175.235,1,1
61006,41,2400,0.318462,0.276855,792.612,817.49,1,1
61006,42,128,0.743639,0.916022,971.292,293.434,0.601648,0.891591
61006,43,2400,0.513181,0.864547,490.963,956.299,0.999929,1
61006,44,128,0.162703,0.457882,942.073,552.156,1,1
61006,45,2400,0.130299,0.232547,563.277,945.859,1,1
61006,46,128,0.557972,0.945372,906.831,476.109,0.566737,1
61006,47,2400,0.923201,0.571611,920.036,796.148,1,1
61006,48,128,0.104448,0.144726,194.782,817.102,1,1
61006,49,2400,0.750237,0.638431,828.142,716.414,1,1
61006,50,128,0.37325,0.81814,860.35,665.497,0.726417,1
61006,51,2400,0.584752,0.287136,585.309,993.213,1,1
61006,52,128,0.834652,0.33174,152.868,363.311,0.886316,1
61006,53,2400,0.621959,0.855943,359.798,704.526,1,1
61006,54,128,0.481451,0.528185,181.215,201.329,1,1
61006,55,2400,0.507065,0.458071,245.106,180.534,1,1
61006,56,128,0.74411,0.711963,155.06,63.844,0.988391,1
61006,57,2400,0.510712,0.45844,38.2106,191.818,1,1
61006,58,128,0.128936,0.490213,798.568,671.817,1,1
61006,59,2400,0.76104,0.0717583,101.893,605.837,1,1
61006,60,128,0.0805668,0.945293,188.521,164.335,0.999996,0.999951
61006,61,2400,0.227635,0.146151,663.869,88.7305,1,1
61006,62,128,0.622104,0.525662,334.219,521.776,0.789783,1
61006,63,2400,0.659724,0.160309,365.878,271.326,1,1
61006,64,128,0.209808,0.747842,150.822,951.578,1,1
61006,65,2400,0.626652,0.176411,618.086,862.218,1,1
61006,66,128,0.137817,0.731724,600.218,757.794,1,1
61006,67,2400,0.0548453,0.893968,544.495,353.42,1,1
61006,68,128,0.349209,0.504555,167.597,985.668,0.987659,1
61006,69,2400,0.934732,0.0821257,561.934,705.612,1,1
61006,70,128,0.667994,0.665376,68.8276,230.974,1,1
61006,71,2400,0.457946,0.181663,275.924,179.56,1,1
61006,72,128,0.805917,0.524939,161.471,619.568,0.680569,0.999938
61006,73,2400,0.960437,0.0213059,84.3473,818.89,0.999999,1
61006,74,128,0.169745,0.344708,829.121,702.806,1,1
61006,75,2400,0.59315,0.713575,683.669,548.219,1,1
61006,76,128,0.111166,0.690631,44.9872,617.795,1,1
61006,77,2400,0.271752,0.329738,491.246,977.255,1,1
61006,78,128,0.195273,0.174533,599.05,923.885,1,1
61006,79,2400,0.96926,0.40224,555.454,461.921,0.997436,0.999996
817193,0,128,0.389641,0.333835,431.849,119.377,1,1
817193,1,2400,0.251421,0.72705,871.214,813.012,1,1
817193,2,128,0.98727,0.0784206,15.299,344.468,0.749544,0.999537
817193,3,2400,0.913725,0.375031,944.067,777.618,0.998557,1
817193,4,128,0.338155,0.325661,747.656,894.481,1,1
817193,5,2400,0.341433,0.832936,356.743,476.786,1,1
817193,6,128,0.541269,0.611942,371.189,520.342,1,1
817193,7,2400,0.419215,0.982302,720.286,241.769,0.996171,1
817193,8,128,0.713287,0.424078,145.905,765.67,0.919719,1
817193,9,2400,0.798025,0.75359,22.2596,474.467,1,1
817193,10,128,0.335155,0.327153,633.665,241.314,1,1
817193,11,2400,0.883145,0.986225,253.078,245.419,0.959151,0.999834
817193,12,128,0.4486,0.274445,864.39,789.434,1,1
817193,13,2400,0.476346,0.704467,80.5922,140.781,1,1
817193,14,128,0.254206,0.974663,716.928,654.146,0.997527,0.999861
817193,15,2400,0.603847,0.358557,875.199,117.912,1,1
817193,16,128,0.361549,0.483416,898.826,444.238,1,1
817193,17,2400,0.811043,0.0575628,157.826,865.338,1,1
817193,18,128,0.409137,0.0409688,176.432,590.85,1,1
817193,19,2400,0.549742,0.450991,725.824,631.355,1,1
817193,20,128,0.922687,0.827878,649.897,238.595,0.606131,0.956507
817193,21,2400,0.455837,0.825191,410.815,535.096,1,1
817193,22,128,0.391934,0.502548,184.137,667.922,1,1
817193,23,2400,0.165089,0.4214,858.284,588.954,1,1
817193,24,128,0.494847,0.593856,759.802,361.293,0.898752,1
817193,25,2400,0.129146,0.12623,630.043,61.2862,1,1
817193,26,128,0.999284,0.217936,902.864,300.301,0.999984,0.999957
817193,27,2400,0.205351,0.879757,617.746,652.296,1,1
817193,28,128,0.077133,0.176348,677.598,137.865,1,1
817193,29,2400,0.955254,0.658298,922.976,422.161,0.855507,1
817193,30,128,0.978621,0.396383,584.367,293.005,0.988442,0.997161
817193,31,2400,0.910031,0.208427,173.591,396.338,1,1
817193,32,128,0.613535,0.87456,666.795,751.317,0.629118,0.776786
817193,33,2400,0.802702,0.451973,123.73,828.698,1,1
817193,34,128,0.485216,0.110563,398.315,199.361,0.985078,1
817193,35,2400,0.0776987,0.50442,953.072,265.921,1,1
817193,36,128,0.854848,0.371933,578.644,308.384,0.928498,0.9972
817193,37,2400,0.310651,0.628621,251.557,418.205,1,1
817193,38,128,0.538873,0.34416,42.7064,935.6,1,1
817193,39,2400,0.838414,0.921011,275.991,469.889,0.993073,1
817193,40,128,0.0834905,0.86752,704.503,849.71,0.999997,0.999894
817193,41,2400,0.0747752,0.528247,342.786,792.528,1,1
817193,42,128,0.919496,0.60176,75.2136,22.8014,0.990322,1
817193,43,2400,0.383334,0.501588,683.09,33.6181,1,1
817193,44,128,0.221059,0.703306,66.7856,663.947,1,1
817193,45,2400,0.235927,0.303437,398.93,816.902,1,1
817193,46,128,0.512724,0.786055,154.908,519.193,0.999001,0.998336
817193,47,2400,0.769499,0.274242,555.509,664.228,1,1
817193,48,128,0.117804,0.967466,139.219,429.267,0.999957,0.999946
817193,49,2400,0.284431,0.832798,52.164,146.987,1,1
817193,50,128,0.183907,0.244367,18.2378,498.733,1,1
817193,51,2400,0.988879,0.49559,628.965,684.065,0.994648,1
817193,52,128,0.544613,0.735258,605.906,22.3738,1,1
817193,53,2400,0.808652,0.189369,157.267,424.513,1,1
817193,54,128,0.162921,0.771164,670.372,94.6638,0.904598,1
817193,55,2400,0.466482,0.755812,404.467,973.566,1,1
817193,56,128,0.111106,0.348494,461.169,408.187,1,1
817193,57,2400,0.494656,0.602177,399.469,898.505,1,1
817193,58,128,0.527463,0.970883,179.392,635.184,0.965654,0.997181
817193,59,2400,0.236379,0.571843,242.827,987.733,1,1
817193,60,128,0.481912,0.928887,406.156,625.574,0.974698,0.99254
817193,61,2400,0.397102,0.527197,519.556,425.241,1,1
817193,62,128,0.778143,0.2018,777.398,877.823,0.860506,1
817193,63,2400,0.943698,0.941566,464.114,561.597,0.905755,1
817193,64,128,0.881801,0.849602,580.22,454.002,0.515742,0.789286
817193,65,2400,0.451683,0.732634,433.9,58.6293,1,1
817193,66,128,0.720436,0.238626,30.0352,284.778,1,1
817193,67,2400,0.573385,0.906587,192.348,212.757,1,1
817193,68,128,0.491343,0.534468,24.769,285.059,1,1
817193,69,2400,0.0831552,0.126934,829.767,528.162,1,1
817193,70,128,0.0808919,0.782845,956.552,10.2379,1,1
817193,71,2400,0.508103,0.136632,443.04,479.985,1,1
817193,72,128,0.598007,0.720592,878.938,194.723,0.670302,0.820849
817193,73,2400,0.441216,0.761073,933.38,838.651,1,1
817193,74,128,0.894382,0.0908911,271.476,32.2844,0.999863,0.981299
817193,75,2400,0.832519,0.0613823,963.496,987.156,1,1
817193,76,128,0.338136,0.15747,534.351,216.318,1,1
817193,77,2400,0.192565,0.0300392,772.715,282.123,1,1
817193,78,128,0.0476008,0.175585,552.374,259.838,1,1
817193,79,2400,0.305471,0.384625,755.714,351.102,1,1
