seed,profile,motion,delay_ms,duration_ms,variant,noise_px,gain,mean_abs_error_px,rms_error_px,peak_error_px,output_zero_edges,output_reversals,output_total_variation
1062026,0,0,0,2000,0,0,1600,0.230127,0.230127,0.230127,0,0,0
1062026,0,0,0,2000,1,0,1600,1.63353,1.63353,1.63353,0,0,0
1062026,0,0,0,12000,0,0,1600,0.230127,0.230127,0.230127,0,0,0
1062026,0,0,0,12000,1,0,1600,1.63353,1.63353,1.63353,0,0,0
1062026,0,0,8,2000,0,0,1600,2.17129,2.42494,3.57468,96,47,19.2
1062026,0,0,8,2000,1,0,1600,1.00879,1.00879,1.00879,0,0,0
1062026,0,0,8,12000,0,0,1600,2.17029,2.42366,3.57468,737,368,147.4
1062026,0,0,8,12000,1,0,1600,1.00879,1.00879,1.00879,0,0,0
1062026,0,0,20,2000,0,0,1600,4.08944,4.65068,7.04883,56,28,11.2
1062026,0,0,20,2000,1,0,1600,0.180408,0.180408,0.180408,0,0,0
1062026,0,0,20,12000,0,0,1600,4.1204,4.68155,7.04918,424,212,84.8
1062026,0,0,20,12000,1,0,1600,0.180408,0.180408,0.180408,0,0,0
1062026,0,1,0,2000,0,0.6,1600,0.694095,0.852253,1.84469,136,36,7.1594
1062026,0,1,0,2000,1,0.6,1600,0.80514,1.01402,2.48335,140,37,6.06946
1062026,0,1,0,12000,0,0.6,1600,0.701535,0.849169,2.33559,1031,281,57.3224
1062026,0,1,0,12000,1,0.6,1600,0.943798,1.11076,2.98899,1091,292,47.0503
1062026,0,1,8,2000,0,0.6,1600,1.28935,1.68621,4.34136,128,38,13.4524
1062026,0,1,8,2000,1,0.6,1600,0.726106,0.916657,2.34908,146,28,5.86476
1062026,0,1,8,12000,0,0.6,1600,1.37636,1.73427,4.70096,1011,300,120.414
1062026,0,1,8,12000,1,0.6,1600,0.959822,1.12473,2.64264,1129,280,49.6483
1062026,0,1,20,2000,0,0.6,1600,4.4296,5.03894,9.73857,62,27,14.0837
1062026,0,1,20,2000,1,0.6,1600,0.693393,0.960585,2.74107,113,28,5.20187
1062026,0,1,20,12000,0,0.6,1600,4.36044,4.96694,9.73857,499,210,110.923
1062026,0,1,20,12000,1,0.6,1600,0.890665,1.07712,2.96516,1046,275,44.6021
1062026,0,2,0,2000,0,0.6,1600,0.848995,1.04548,2.89207,95,4,14.5217
1062026,0,2,0,2000,1,0.6,1600,1.44308,1.62095,3.04346,91,0,10.7913
1062026,0,2,0,12000,0,0.6,1600,0.858057,1.0468,3.00488,812,38,109.351
1062026,0,2,0,12000,1,0.6,1600,1.42261,1.5843,3.2829,740,0,86.702
1062026,0,2,8,2000,0,0.6,1600,1.56433,1.96178,5.45186,118,30,19.6408
1062026,0,2,8,2000,1,0.6,1600,1.48051,1.63806,3.15916,88,0,10.3124
1062026,0,2,8,12000,0,0.6,1600,1.73,2.11441,5.99544,895,234,156.395
1062026,0,2,8,12000,1,0.6,1600,1.31702,1.52502,3.68427,721,0,80.954
1062026,0,2,20,2000,0,0.6,1600,4.69498,5.38176,10.4825,58,26,16.3554
1062026,0,2,20,2000,1,0.6,1600,1.36165,1.63088,3.72095,91,0,10.4566
1062026,0,2,20,12000,0,0.6,1600,4.69187,5.38786,10.7586,458,205,123.421
1062026,0,2,20,12000,1,0.6,1600,1.2787,1.56308,4.41071,657,0,74.1872
1062026,0,3,0,2000,0,0.6,1600,0.852593,1.02852,2.74067,92,4,12.2462
1062026,0,3,0,2000,1,0.6,1600,1.47718,1.609,2.79174,90,2,10.4695
1062026,0,3,0,12000,0,0.6,1600,0.879845,1.06888,3.73045,798,47,106.158
1062026,0,3,0,12000,1,0.6,1600,1.48521,1.6165,3.40532,754,17,84.6773
1062026,0,3,8,2000,0,0.6,1600,1.65153,2.08054,5.94364,110,29,20.318
1062026,0,3,8,2000,1,0.6,1600,1.70065,1.87793,4.39574,102,4,10.8684
1062026,0,3,8,12000,0,0.6,1600,1.66461,2.05677,7.5869,893,228,157.444
1062026,0,3,8,12000,1,0.6,1600,1.53441,1.73561,4.62256,757,17,84.6169
1062026,0,3,20,2000,0,0.6,1600,4.94312,5.72833,13.7123,60,26,16.1533
1062026,0,3,20,2000,1,0.6,1600,1.46323,1.88872,5.9553,93,7,9.94519
1062026,0,3,20,12000,0,0.6,1600,4.897,5.6564,13.733,456,200,124.325
1062026,0,3,20,12000,1,0.6,1600,1.44868,1.8802,6.88683,662,22,77.0975
1062026,1,0,0,2000,0,0,1600,7.47482,7.47482,7.47482,0,0,0
1062026,1,0,0,2000,1,0,1600,10.2387,10.2387,10.2387,0,0,0
1062026,1,0,0,12000,0,0,1600,7.47482,7.47482,7.47482,0,0,0
1062026,1,0,0,12000,1,0,1600,10.2387,10.2387,10.2387,0,0,0
1062026,1,0,8,2000,0,0,1600,2.99483,2.99483,2.99483,0,0,0
1062026,1,0,8,2000,1,0,1600,8.42271,8.42271,8.42271,0,0,0
1062026,1,0,8,12000,0,0,1600,2.99483,2.99483,2.99483,0,0,0
1062026,1,0,8,12000,1,0,1600,8.42271,8.42271,8.42271,0,0,0
1062026,1,0,20,2000,0,0,1600,1.10345,1.10345,1.10345,0,0,0
1062026,1,0,20,2000,1,0,1600,4.32158,4.32158,4.32158,0,0,0
1062026,1,0,20,12000,0,0,1600,1.10345,1.10345,1.10345,0,0,0
1062026,1,0,20,12000,1,0,1600,4.32158,4.32158,4.32158,0,0,0
1062026,1,1,0,2000,0,0.6,1600,4.68268,4.90785,8.27941,128,27,5.49922
1062026,1,1,0,2000,1,0.6,1600,6.54611,6.70903,10.1428,128,27,5.49922
1062026,1,1,0,12000,0,0.6,1600,4.61186,5.25304,11.8731,954,210,39.8441
1062026,1,1,0,12000,1,0.6,1600,4.87805,5.93035,11.7815,958,214,39.8312
1062026,1,1,8,2000,0,0.6,1600,4.04228,5.0468,9.05227,123,25,5.06948
1062026,1,1,8,2000,1,0.6,1600,8.88342,9.04955,12.4848,127,29,6.00319
1062026,1,1,8,12000,0,0.6,1600,4.73155,5.65887,12.5302,974,220,41.9683
1062026,1,1,8,12000,1,0.6,1600,6.30274,6.9503,12.6391,988,232,44.0157
1062026,1,1,20,2000,0,0.6,1600,5.53583,5.6412,7.73225,137,36,5.40776
1062026,1,1,20,2000,1,0.6,1600,0.95617,1.08533,2.21383,137,36,5.40776
1062026,1,1,20,12000,0,0.6,1600,4.89116,5.59657,12.2164,1022,252,43.3818
1062026,1,1,20,12000,1,0.6,1600,4.33283,5.53104,12.8324,1020,248,44.0565
1062026,1,2,0,2000,0,0.6,1600,9.82929,9.91515,12.4158,115,0,13.4947
1062026,1,2,0,2000,1,0.6,1600,10.9085,10.9372,12.6861,117,0,13.8206
1062026,1,2,0,12000,0,0.6,1600,9.57187,9.68604,12.8787,747,0,92.3223
1062026,1,2,0,12000,1,0.6,1600,10.6241,10.668,12.9742,743,0,92.8555
1062026,1,2,8,2000,0,0.6,1600,8.12667,8.41128,13.3296,86,0,10.039
1062026,1,2,8,2000,1,0.6,1600,10.1319,10.208,12.9445,88,0,10.3711
1062026,1,2,8,12000,0,0.6,1600,8.00673,8.34091,13.3633,760,0,83.994
1062026,1,2,8,12000,1,0.6,1600,10.0062,10.1049,13.9508,758,0,86.9267
1062026,1,2,20,2000,0,0.6,1600,6.55398,7.54513,13.8599,103,0,11.8929
1062026,1,2,20,2000,1,0.6,1600,9.27344,9.45166,13.4502,99,0,12.2254
1062026,1,2,20,12000,0,0.6,1600,6.14615,7.05977,14.0552,725,2,78.1808
1062026,1,2,20,12000,1,0.6,1600,9.49511,9.65201,13.7863,729,2,83.5597
1062026,1,3,0,2000,0,0.6,1600,4.59709,5.5968,11.5349,106,2,9.66692
1062026,1,3,0,2000,1,0.6,1600,4.48393,5.59934,11.5053,106,2,9.08362
1062026,1,3,0,12000,0,0.6,1600,5.01509,5.97617,12.4953,744,21,68.9762
1062026,1,3,0,12000,1,0.6,1600,5.7746,6.69511,12.9692,748,23,69.2071
1062026,1,3,8,2000,0,0.6,1600,4.43945,4.92704,8.48544,90,2,8.91829
1062026,1,3,8,2000,1,0.6,1600,6.11801,6.48051,10.164,90,2,8.91829
1062026,1,3,8,12000,0,0.6,1600,4.78767,5.53612,12.5329,714,17,64.9119
1062026,1,3,8,12000,1,0.6,1600,4.56813,5.36948,13.4953,710,17,64.5558
1062026,1,3,20,2000,0,0.6,1600,4.5658,5.63941,12.0223,96,2,9.3122
1062026,1,3,20,2000,1,0.6,1600,4.76538,5.72659,12.5592,96,2,9.26488
1062026,1,3,20,12000,0,0.6,1600,4.43938,5.38723,13.3937,723,19,67.4383
1062026,1,3,20,12000,1,0.6,1600,4.66583,5.70214,14.0666,729,19,66.1928
917331,0,0,0,2000,0,0,1100,0.435337,0.435337,0.435337,0,0,0
917331,0,0,0,2000,1,0,1100,1.65013,1.65013,1.65013,0,0,0
917331,0,0,0,12000,0,0,1100,0.435337,0.435337,0.435337,0,0,0
917331,0,0,0,12000,1,0,1100,1.65013,1.65013,1.65013,0,0,0
917331,0,0,8,2000,0,0,1100,1.56926,1.56926,1.56926,0,0,0
917331,0,0,8,2000,1,0,1100,0.920778,0.920778,0.920778,0,0,0
917331,0,0,8,12000,0,0,1100,1.56926,1.56926,1.56926,0,0,0
917331,0,0,8,12000,1,0,1100,0.920778,0.920778,0.920778,0,0,0
917331,0,0,20,2000,0,0,1100,2.70972,3.03162,4.30414,54,27,10.8
917331,0,0,20,2000,1,0,1100,1.41956,1.41956,1.41956,0,0,0
917331,0,0,20,12000,0,0,1100,2.72129,3.04156,4.30414,409,204,81.8
917331,0,0,20,12000,1,0,1100,1.41956,1.41956,1.41956,0,0,0
917331,0,1,0,2000,0,1.2,1100,0.708981,0.920592,2.79396,206,73,19.207
917331,0,1,0,2000,1,1.2,1100,0.946676,1.19703,3.03777,230,85,15.0197
917331,0,1,0,12000,0,1.2,1100,0.803964,1.01378,3.65131,1481,474,146.085
917331,0,1,0,12000,1,1.2,1100,1.03962,1.26865,3.74622,1627,540,112.765
917331,0,1,8,2000,0,1.2,1100,1.08388,1.35616,4.13006,165,51,21.9305
917331,0,1,8,2000,1,1.2,1100,1.10275,1.35159,3.34091,185,54,13.7687
917331,0,1,8,12000,0,1.2,1100,1.04835,1.32375,6.19812,1381,411,166.539
917331,0,1,8,12000,1,1.2,1100,1.00666,1.28144,4.75504,1519,442,106.845
917331,0,1,20,2000,0,1.2,1100,3.12148,3.57602,8.03517,85,30,18.7975
917331,0,1,20,2000,1,1.2,1100,1.08926,1.31966,3.25246,212,63,15.3145
917331,0,1,20,12000,0,1.2,1100,3.05338,3.49467,8.3883,698,242,150.079
917331,0,1,20,12000,1,1.2,1100,1.07515,1.36107,4.60781,1504,444,107.148
917331,0,2,0,2000,0,1.2,1100,1.0831,1.29119,3.27917,130,30,26.0024
917331,0,2,0,2000,1,1.2,1100,1.77318,1.97235,3.83255,124,24,18.0585
917331,0,2,0,12000,0,1.2,1100,1.03446,1.24238,3.51282,982,182,186.938
917331,0,2,0,12000,1,1.2,1100,1.79803,2.0097,4.15161,866,106,135.806
917331,0,2,8,2000,0,1.2,1100,1.35469,1.60624,4.77846,131,38,26.8167
917331,0,2,8,2000,1,1.2,1100,1.77471,2.08788,4.88463,119,26,17.6543
917331,0,2,8,12000,0,1.2,1100,1.25076,1.54177,5.15698,938,242,193.947
917331,0,2,8,12000,1,1.2,1100,1.68831,1.96989,4.88463,852,154,129.196
917331,0,2,20,2000,0,1.2,1100,2.92611,3.64911,9.82236,92,30,21.1401
917331,0,2,20,2000,1,1.2,1100,1.85514,2.26875,6.12717,110,28,16.8618
917331,0,2,20,12000,0,1.2,1100,2.89041,3.52212,9.82236,747,238,167.682
917331,0,2,20,12000,1,1.2,1100,1.87162,2.20516,6.12717,855,165,130.192
917331,0,3,0,2000,0,1.2,1100,1.13947,1.39718,4.05106,126,32,22.8658
917331,0,3,0,2000,1,1.2,1100,2.1432,2.29883,4.54594,132,28,19.3579
917331,0,3,0,12000,0,1.2,1100,1.0511,1.2762,4.05106,972,207,187.266
917331,0,3,0,12000,1,1.2,1100,1.8394,2.06461,4.54594,882,143,137.728
917331,0,3,8,2000,0,1.2,1100,1.31892,1.57479,3.98599,134,30,27.3918
917331,0,3,8,2000,1,1.2,1100,1.84706,2.08577,4.4208,130,14,18.6482
917331,0,3,8,12000,0,1.2,1100,1.32013,1.63607,5.88267,930,239,191.564
917331,0,3,8,12000,1,1.2,1100,1.72429,2.0099,4.68801,806,137,130.012
917331,0,3,20,2000,0,1.2,1100,3.04794,3.75374,11.0414,94,32,22.3046
917331,0,3,20,2000,1,1.2,1100,1.96402,2.46575,7.73214,98,26,16.1841
917331,0,3,20,12000,0,1.2,1100,2.96437,3.59022,11.0414,744,247,168.982
917331,0,3,20,12000,1,1.2,1100,2.013,2.40516,7.73214,806,169,124.276
917331,1,0,0,2000,0,0,1100,9.29786,9.29786,9.29786,0,0,0
917331,1,0,0,2000,1,0,1100,10.4352,10.4352,10.4352,0,0,0
917331,1,0,0,12000,0,0,1100,9.29786,9.29786,9.29786,0,0,0
917331,1,0,0,12000,1,0,1100,10.4352,10.4352,10.4352,0,0,0
917331,1,0,8,2000,0,0,1100,6.16033,6.16033,6.16033,0,0,0
917331,1,0,8,2000,1,0,1100,8.37642,8.37642,8.37642,0,0,0
917331,1,0,8,12000,0,0,1100,6.16033,6.16033,6.16033,0,0,0
917331,1,0,8,12000,1,0,1100,8.37642,8.37642,8.37642,0,0,0
917331,1,0,20,2000,0,0,1100,2.76388,2.76388,2.76388,0,0,0
917331,1,0,20,2000,1,0,1100,4.66124,4.66124,4.66124,0,0,0
917331,1,0,20,12000,0,0,1100,2.76388,2.76388,2.76388,0,0,0
917331,1,0,20,12000,1,0,1100,4.66124,4.66124,4.66124,0,0,0
917331,1,1,0,2000,0,1.2,1100,7.86947,8.04787,11.411,160,51,9.8582
917331,1,1,0,2000,1,1.2,1100,7.50616,7.71262,11.8421,158,49,9.84588
917331,1,1,0,12000,0,1.2,1100,7.27812,7.69615,12.5159,1319,370,88.7617
917331,1,1,0,12000,1,1.2,1100,7.82255,8.19234,13.427,1321,376,89.9606
917331,1,1,8,2000,0,1.2,1100,2.87843,3.41302,6.59331,168,51,10.5985
917331,1,1,8,2000,1,1.2,1100,3.79566,4.12284,8.02404,168,51,10.5985
917331,1,1,8,12000,0,1.2,1100,4.14277,5.04371,12.3103,1326,350,82.8386
917331,1,1,8,12000,1,1.2,1100,4.74649,5.5542,13.4507,1322,348,80.5646
917331,1,1,20,2000,0,1.2,1100,3.12745,3.54638,6.68403,161,41,9.80882
917331,1,1,20,2000,1,1.2,1100,4.87668,5.16531,8.4497,161,41,9.80882
917331,1,1,20,12000,0,1.2,1100,4.20118,5.14997,13.1151,1343,331,83.0094
917331,1,1,20,12000,1,1.2,1100,4.45709,5.19107,11.8198,1355,337,83.8845
917331,1,2,0,2000,0,1.2,1100,10.223,10.2916,13.255,118,22,22.0773
917331,1,2,0,2000,1,1.2,1100,10.5594,10.6286,13.3396,122,28,24.6343
917331,1,2,0,12000,0,1.2,1100,9.73719,9.88605,13.3071,878,142,156.139
917331,1,2,0,12000,1,1.2,1100,10.2602,10.3722,13.5288,870,146,164.346
917331,1,2,8,2000,0,1.2,1100,9.2591,9.51998,12.9855,108,18,17.72
917331,1,2,8,2000,1,1.2,1100,10.1545,10.2419,13.5658,100,18,17.2139
917331,1,2,8,12000,0,1.2,1100,8.71687,9.03605,14.5699,836,146,135.129
917331,1,2,8,12000,1,1.2,1100,9.56773,9.80697,14.229,848,150,139.488
917331,1,2,20,2000,0,1.2,1100,7.46172,8.10906,13.7337,108,20,15.7841
917331,1,2,20,2000,1,1.2,1100,9.65367,9.89518,14.6654,108,20,17.6953
917331,1,2,20,12000,0,1.2,1100,7.73404,8.41227,15.4528,914,144,128.222
917331,1,2,20,12000,1,1.2,1100,9.2457,9.53788,14.7124,876,132,135.107
917331,1,3,0,2000,0,1.2,1100,5.76591,6.64582,13.5399,108,18,12.728
917331,1,3,0,2000,1,1.2,1100,5.9792,6.86895,13.4613,110,18,12.4833
917331,1,3,0,12000,0,1.2,1100,6.44855,7.29717,13.5399,939,151,113.551
917331,1,3,0,12000,1,1.2,1100,6.55262,7.43848,13.4613,945,149,109.7
917331,1,3,8,2000,0,1.2,1100,6.2212,7.08321,13.963,119,10,13.3906
917331,1,3,8,2000,1,1.2,1100,6.51297,7.33975,13.1834,115,10,14.1426
917331,1,3,8,12000,0,1.2,1100,6.29405,7.24462,13.963,888,139,111.876
917331,1,3,8,12000,1,1.2,1100,6.37049,7.34424,14.4567,890,139,108.878
917331,1,3,20,2000,0,1.2,1100,5.407,6.23889,13.942,112,20,12.943
917331,1,3,20,2000,1,1.2,1100,5.40122,6.36365,14.0845,111,20,13.55
917331,1,3,20,12000,0,1.2,1100,6.19962,7.07926,14.6814,898,155,108.389
917331,1,3,20,12000,1,1.2,1100,6.86167,7.72539,14.8553,891,159,111.716
